{
    "split_0": {
        "valence_output_root_mean_squared_error": 1.7080775499343872,
        "arousal_output_root_mean_squared_error": 2.1221938133239746
    },
    "split_1": {
        "valence_output_root_mean_squared_error": 0.9403992295265198,
        "arousal_output_root_mean_squared_error": 0.792113184928894
    },
    "split_2": {
        "valence_output_root_mean_squared_error": 1.1620527505874634,
        "arousal_output_root_mean_squared_error": 1.1597516536712646
    },
    "average": {
        "valence_output_root_mean_squared_error": 1.2701765100161235,
        "arousal_output_root_mean_squared_error": 1.3580195506413777
    }
}