{
    "video_0": {
        "video_10_subject_18_split_0": {
            "valence_output_root_mean_squared_error": 1.8277949094772339,
            "arousal_output_root_mean_squared_error": 0.8900045156478882
        },
        "video_10_subject_20_split_1": {
            "valence_output_root_mean_squared_error": 4.999510765075684,
            "arousal_output_root_mean_squared_error": 1.1957149505615234
        },
        "video_10_subject_41_split_2": {
            "valence_output_root_mean_squared_error": 3.338411808013916,
            "arousal_output_root_mean_squared_error": 3.420473337173462
        },
        "average": {
            "valence_output_root_mean_squared_error": 3.3885724941889444,
            "arousal_output_root_mean_squared_error": 1.8353976011276245
        },
        "video_0_split_0": {
            "valence_output_root_mean_squared_error": 2.8753418922424316,
            "arousal_output_root_mean_squared_error": 2.4709219932556152
        },
        "video_0_split_1": {
            "valence_output_root_mean_squared_error": 3.011760950088501,
            "arousal_output_root_mean_squared_error": 2.571185350418091
        },
        "video_0_split_2": {
            "valence_output_root_mean_squared_error": 1.5108987092971802,
            "arousal_output_root_mean_squared_error": 1.938197135925293
        }
    },
    "video_0_average": {
        "valence_output_root_mean_squared_error": 6.984097176127963,
        "arousal_output_root_mean_squared_error": 4.773964961369832
    },
    "video_10": {
        "video_10_split_0": {
            "valence_output_root_mean_squared_error": 1.614209532737732,
            "arousal_output_root_mean_squared_error": 2.2065718173980713
        },
        "video_10_split_1": {
            "valence_output_root_mean_squared_error": 3.2800955772399902,
            "arousal_output_root_mean_squared_error": 3.8249495029449463
        },
        "video_10_split_2": {
            "valence_output_root_mean_squared_error": 2.8254752159118652,
            "arousal_output_root_mean_squared_error": 3.6275370121002197
        }
    },
    "video_10_average": {
        "valence_output_root_mean_squared_error": 2.5732601086298623,
        "arousal_output_root_mean_squared_error": 3.2196861108144126
    },
    "video_11": {
        "video_11_split_0": {
            "valence_output_root_mean_squared_error": 1.281177282333374,
            "arousal_output_root_mean_squared_error": 1.3448610305786133
        },
        "video_11_split_1": {
            "valence_output_root_mean_squared_error": 0.46049630641937256,
            "arousal_output_root_mean_squared_error": 1.0000356435775757
        },
        "video_11_split_2": {
            "valence_output_root_mean_squared_error": 1.419364333152771,
            "arousal_output_root_mean_squared_error": 1.0883313417434692
        }
    },
    "video_11_average": {
        "valence_output_root_mean_squared_error": 1.0536793073018391,
        "arousal_output_root_mean_squared_error": 1.1444093386332195
    },
    "video_13": {
        "video_13_split_0": {
            "valence_output_root_mean_squared_error": 2.480348587036133,
            "arousal_output_root_mean_squared_error": 1.1667290925979614
        },
        "video_13_split_1": {
            "valence_output_root_mean_squared_error": 3.3061845302581787,
            "arousal_output_root_mean_squared_error": 4.162486553192139
        },
        "video_13_split_2": {
            "valence_output_root_mean_squared_error": 1.0070050954818726,
            "arousal_output_root_mean_squared_error": 0.7459409236907959
        }
    },
    "video_13_average": {
        "valence_output_root_mean_squared_error": 2.2645127375920615,
        "arousal_output_root_mean_squared_error": 2.0250521898269653
    },
    "video_14": {
        "video_14_split_0": {
            "valence_output_root_mean_squared_error": 0.9866083264350891,
            "arousal_output_root_mean_squared_error": 1.8270281553268433
        },
        "video_14_split_1": {
            "valence_output_root_mean_squared_error": 4.250170707702637,
            "arousal_output_root_mean_squared_error": 3.4527523517608643
        },
        "video_14_split_2": {
            "valence_output_root_mean_squared_error": 0.34290605783462524,
            "arousal_output_root_mean_squared_error": 1.42331063747406
        }
    },
    "video_14_average": {
        "valence_output_root_mean_squared_error": 1.8598950306574504,
        "arousal_output_root_mean_squared_error": 2.2343637148539224
    },
    "video_2": {
        "video_2_split_0": {
            "valence_output_root_mean_squared_error": 3.5369927883148193,
            "arousal_output_root_mean_squared_error": 3.0827205181121826
        },
        "video_2_split_1": {
            "valence_output_root_mean_squared_error": 1.5719486474990845,
            "arousal_output_root_mean_squared_error": 1.2734591960906982
        },
        "video_2_split_2": {
            "valence_output_root_mean_squared_error": 3.802008867263794,
            "arousal_output_root_mean_squared_error": 2.9816319942474365
        }
    },
    "video_2_average": {
        "valence_output_root_mean_squared_error": 2.970316767692566,
        "arousal_output_root_mean_squared_error": 2.445937236150106
    },
    "video_20": {
        "video_20_split_0": {
            "valence_output_root_mean_squared_error": 3.2471559047698975,
            "arousal_output_root_mean_squared_error": 3.502504587173462
        },
        "video_20_split_1": {
            "valence_output_root_mean_squared_error": 4.329279899597168,
            "arousal_output_root_mean_squared_error": 0.7169981002807617
        },
        "video_20_split_2": {
            "valence_output_root_mean_squared_error": 3.454453945159912,
            "arousal_output_root_mean_squared_error": 3.7011492252349854
        }
    },
    "video_20_average": {
        "valence_output_root_mean_squared_error": 3.6769632498423257,
        "arousal_output_root_mean_squared_error": 2.6402173042297363
    },
    "video_9": {
        "video_9_split_0": {
            "valence_output_root_mean_squared_error": 3.844836473464966,
            "arousal_output_root_mean_squared_error": 3.278498888015747
        },
        "video_9_split_1": {
            "valence_output_root_mean_squared_error": 0.9885438084602356,
            "arousal_output_root_mean_squared_error": 0.4105824828147888
        },
        "video_9_split_2": {
            "valence_output_root_mean_squared_error": 1.1316936016082764,
            "arousal_output_root_mean_squared_error": 0.8097370266914368
        }
    },
    "video_9_average": {
        "valence_output_root_mean_squared_error": 1.988357961177826,
        "arousal_output_root_mean_squared_error": 1.4996061325073242
    }
}